Id,R,RM,Nome,Squadra,Qt.A,Qt.I,Diff.,Qt.A M,Qt.I M,Diff.M,FVM,FVM M
2428,P,Por,Sommer,Inter,16,16,0,16,16,0,90,90
5876,P,Por,Di Gregorio,Juventus,16,16,0,16,16,0,84,84
572,P,Por,Meret,Napoli,16,16,0,16,16,0,93,93
4312,P,Por,Maignan,Milan,15,16,-1,15,16,-1,77,77
5841,P,Por,Svilar,Roma,15,15,0,15,15,0,83,83
4431,P,Por,Carnesecchi,Atalanta,14,14,0,14,14,0,71,71
2521,P,Por,De Gea,Fiorentina,14,14,0,14,14,0,58,58
2814,P,Por,Provedel,Lazio,12,12,0,12,12,0,50,50
6966,P,Por,Butez,Como,11,10,1,11,10,1,35,35
133,P,Por,Skorupski,Bologna,10,10,0,10,10,0,46,46
188,P,Por,Leali,Genoa,9,8,1,9,8,1,29,29
7179,P,Por,Israel,Torino,8,9,-1,8,9,-1,30,30
4360,P,Por,Caprile,Cagliari,7,7,0,7,7,0,18,18
2134,P,Por,Falcone,Lecce,7,6,1,7,6,1,17,17
6641,P,Por,Suzuki,Parma,7,7,0,7,7,0,14,14
4867,P,Por,Turati,Sassuolo,7,7,0,7,7,0,11,11
761,P,Por,Audero,Cremonese,6,5,1,6,5,1,14,14
6462,P,Por,Okoye,Udinese,6,6,0,6,6,0,16,16
4957,P,Por,Montipò,Verona,5,5,0,5,5,0,10,10
2170,P,Por,Milinkovic-Savic V.,Napoli,4,4,0,4,4,0,10,10
2861,P,Por,Semper,Pisa,4,3,1,4,3,1,11,11
6842,P,Por,Sava,Udinese,4,4,0,4,4,0,8,8
2722,P,Por,Ravaglia F.,Bologna,3,3,0,3,3,0,6,6
6482,P,Por,Mandas,Lazio,3,3,0,3,3,0,8,8
574,P,Por,Scuffet,Pisa,3,3,0,3,3,0,5,5
4236,P,Por,Muric,Sassuolo,3,3,0,3,3,0,4,4
5116,P,Por,Martinez Jo.,Inter,2,2,0,2,2,0,5,5
2297,P,Por,Rossi F.,Atalanta,1,1,0,1,1,0,1,1
4,P,Por,Sportiello,Atalanta,1,1,0,1,1,0,1,1
7172,P,Por,Pessina Mas.,Bologna,1,1,0,1,1,0,1,1
4929,P,Por,Ciocci,Cagliari,1,1,0,1,1,0,1,1
3,P,Por,Radunovic,Cagliari,1,1,0,1,1,0,1,1
2809,P,Por,Vigorito,Como,1,1,0,1,1,0,1,1
6505,P,Por,Nava,Cremonese,1,1,0,1,1,0,1,1
6184,P,Por,Martinelli T.,Fiorentina,1,1,0,1,1,0,1,1
6991,P,Por,Siegrist,Genoa,1,1,0,1,1,0,1,1
219,P,Por,Sommariva,Genoa,1,1,0,1,1,0,1,1
1926,P,Por,Di Gennaro,Inter,1,1,0,1,1,0,1,1
218,P,Por,Perin,Juventus,1,1,0,1,1,0,2,2
1930,P,Por,Pinsoglio,Juventus,1,1,0,1,1,0,1,1
6417,P,Por,Furlanetto,Lazio,1,1,0,1,1,0,1,1
2401,P,Por,Fruchtl,Lecce,1,1,0,1,1,0,1,1
6523,P,Por,Samooja,Lecce,1,1,0,1,1,0,1,1
2815,P,Por,Terracciano,Milan,1,1,0,1,1,0,1,1
6813,P,Por,Torriani,Milan,1,1,0,1,1,0,1,1
2845,P,Por,Contini,Napoli,1,1,0,1,1,0,1,1
6662,P,Por,Corvi,Parma,1,1,0,1,1,0,1,1
5338,P,Por,Rinaldi,Parma,1,1,0,1,1,0,1,1
2271,P,Por,Nicolas,Pisa,1,1,0,1,1,0,1,1
7169,P,Por,Zelezny,Roma,1,1,0,1,1,0,1,1
610,P,Por,Gollini,Roma,1,1,0,1,1,0,1,1
2127,P,Por,Satalino,Sassuolo,1,1,0,1,1,0,1,1
5320,P,Por,Paleari,Torino,1,1,0,1,1,0,1,1
6210,P,Por,Popa,Torino,1,1,0,1,1,0,1,1
543,P,Por,Padelli,Udinese,1,1,0,1,1,0,1,1
511,P,Por,Perilli,Verona,1,1,0,1,1,0,1,1
6125,P,Por,Vasquez D.,Roma,1,1,0,1,1,0,1,1
7185,P,Por,Nunziante,Udinese,1,1,0,1,1,0,1,1
158,P,Por,Lezzerini,Fiorentina,1,1,0,1,1,0,1,1
2211,P,Por,Silvestri,Cremonese,1,1,0,1,1,0,1,1
7236,P,Por,Toniolo,Verona,1,1,0,1,1,0,1,1
7261,P,Por,Cavlina,Como,1,1,0,1,1,0,1,1
5513,D,E,Dumfries,Inter,20,20,0,19,19,0,100,94
254,D,E,Dimarco,Inter,19,19,0,18,18,0,96,90
2160,D,E,Gosens,Fiorentina,18,18,0,17,17,0,85,85
2120,D,Dc,Bastoni,Inter,17,16,1,17,16,1,78,78
4433,D,E,Zortea,Bologna,16,16,0,15,15,0,40,24
4772,D,E,Angelino,Roma,15,15,0,14,14,0,57,57
7181,D,E,Wesley,Roma,15,14,1,14,13,1,55,55
5520,D,E,Cambiaso,Juventus,14,15,-1,13,14,-1,59,59
2816,D,Dd;E,Di Lorenzo,Napoli,14,14,0,14,14,0,56,56
4887,D,E,Bellanova,Atalanta,13,13,0,12,12,0,52,52
554,D,E,Zappacosta,Atalanta,13,13,0,12,12,0,41,41
2788,D,Dc,Bremer,Juventus,13,13,0,13,13,0,50,50
2724,D,Dc,Buongiorno,Napoli,13,13,0,13,13,0,42,42
5273,D,Ds;E,Estupinan,Milan,12,11,1,12,11,1,43,43
5885,D,E,Dodò,Fiorentina,11,11,0,10,10,0,43,43
5620,D,Ds;E,Tavares N.,Lazio,11,12,-1,11,12,-1,46,46
4409,D,Dc,Rrahmani,Napoli,11,11,0,11,11,0,32,32
2296,D,Dc,Mancini,Roma,11,11,0,11,11,0,30,30
6956,D,Dc,Solet,Udinese,11,11,0,11,11,0,40,40
6046,D,Dc,Hien,Atalanta,10,11,-1,10,11,-1,34,34
2593,D,Ds;E,Martin,Genoa,10,10,0,10,10,0,32,32
5877,D,B;Ds;E,Carlos Augusto,Inter,10,10,0,11,11,0,31,35
5835,D,Dc,Baschirotto,Cremonese,10,8,2,10,8,2,18,18
6202,D,Dc,Beukema,Napoli,10,10,0,10,10,0,23,23
5840,D,Ds;E,Olivera,Napoli,10,10,0,10,10,0,21,21
5862,D,Ds;E,Valeri,Parma,10,10,0,10,10,0,27,27
4317,D,Dc,N'Dicka,Roma,10,10,0,10,10,0,26,26
5578,D,Dd;Dc,Kossounou,Atalanta,9,9,0,9,9,0,22,24
4734,D,Ds;E,Miranda J.,Bologna,9,9,0,9,9,0,24,24
393,D,Dc,Luperto,Cagliari,9,7,2,9,7,2,18,18
5514,D,Ds;Dc,Vasquez,Genoa,9,9,0,10,10,0,20,23
513,D,Dc,Acerbi,Inter,9,9,0,9,9,0,26,26
6217,D,Dc,Bisseck,Inter,9,9,0,9,9,0,21,21
322,D,Dc,De Vrij,Inter,9,9,0,9,9,0,20,20
4976,D,Dd;Dc,Kalulu,Juventus,9,9,0,10,10,0,24,26
5833,D,Dc,Gila,Lazio,9,9,0,9,9,0,20,20
787,D,Dc,Djimsiti,Atalanta,8,8,0,8,8,0,15,15
5526,D,Dc,Scalvini,Atalanta,8,8,0,8,8,0,24,24
6042,D,Dc,Lucumì,Bologna,8,8,0,8,8,0,21,21
7068,D,Dc,Vitik,Bologna,8,8,0,8,8,0,18,18
5678,D,Dd;E,Holm,Bologna,8,8,0,8,8,0,15,15
5739,D,Dd;Dc,De Winter,Milan,8,8,0,9,9,0,17,19
4177,D,Dd;Dc,Pavard,Inter,8,8,0,9,9,0,23,25
5831,D,Dc,Gatti,Juventus,8,8,0,8,8,0,13,13
7175,D,E,Joao Mario,Juventus,8,8,0,7,7,0,18,16
460,D,Dc,Romagnoli,Lazio,8,8,0,8,8,0,22,22
2188,D,Dd;Ds;E,Marusic,Lazio,8,8,0,9,9,0,23,26
6632,D,Dc,Gaspar K.,Lecce,8,8,0,8,8,0,19,19
5022,D,Dc,Pavlovic,Milan,8,7,1,8,7,1,21,21
4751,D,Dc,Tomori,Milan,8,8,0,8,8,0,25,25
6664,D,B;Dd;E,Delprato,Parma,8,8,0,9,9,0,21,24
6642,D,Dc,Coco,Torino,8,8,0,8,8,0,12,12
5010,D,Dc,Ismajli,Torino,8,8,0,8,8,0,13,13
252,D,Ds;E,Biraghi,Torino,8,8,0,8,8,0,23,23
5427,D,Ds;E,Gutierrez,Napoli,8,8,0,8,8,0,18,18
2640,D,B;Ds;E,Kolasinac,Atalanta,7,7,0,7,7,0,15,18
4210,D,Dc,Mina,Cagliari,7,7,0,7,7,0,21,21
4994,D,Dd;E,Vojvoda,Como,7,6,1,7,6,1,13,13
6867,D,Ds;E,Valle,Como,7,6,1,7,6,1,13,13
6495,D,Dc,Comuzzo,Fiorentina,7,7,0,7,7,0,17,17
4904,D,Dc,Marì,Fiorentina,7,7,0,7,7,0,13,13
4378,D,Ds;Dc,Ranieri L.,Fiorentina,7,7,0,7,7,0,16,17
6766,D,Ds;Dc,Kelly L.,Juventus,7,7,0,8,8,0,14,17
1852,D,Ds;E,Spinazzola,Napoli,7,7,0,7,7,0,10,18
4657,D,B;Dd;E,Celik,Roma,7,7,0,8,8,0,18,21
4665,D,Dc,Maripan,Torino,7,7,0,7,7,0,13,13
4385,D,Dd;E,Lazaro,Torino,7,7,0,7,7,0,19,19
6485,D,Dd;Dc,Kristensen T.,Udinese,7,5,2,7,5,2,12,13
5555,D,Ds;E,Kamara H.,Udinese,7,7,0,7,7,0,19,19
697,D,E,Cuadrado,Pisa,7,7,0,6,6,0,13,12
6672,D,Dc,Idzes,Sassuolo,7,7,0,7,7,0,17,17
6916,D,B;Ds;E,Ahanor,Atalanta,6,6,0,7,7,0,9,12
4461,D,B;Dd;E,Zappa,Cagliari,6,6,0,7,7,0,13,16
770,D,Ds;E,Pezzella Giu.,Cremonese,6,5,1,6,5,1,13,13
4502,D,Ds;E,Gallo,Lecce,6,5,1,6,5,1,15,15
4401,D,Dc,Gabbia,Milan,6,6,0,6,6,0,16,16
7143,D,Ds;E,Angori,Pisa,6,5,1,6,5,1,17,17
5851,D,Ds;E,Doig,Sassuolo,6,6,0,6,6,0,17,17
5820,D,Dc,Bertola,Udinese,6,6,0,6,6,0,11,11
6985,D,Ds;Dc,Candè,Sassuolo,6,6,0,6,6,0,14,14
7211,D,Dd;E,Athekame,Milan,6,6,0,6,6,0,14,14
7235,D,Dc,Troilo,Parma,6,6,0,6,6,0,13,13
7253,D,Dc,Bella-Kotchap,Verona,6,6,0,6,6,0,14,14
6066,D,Dd;Dc,Posch,Bologna,5,5,0,6,6,0,10,12
2653,D,Ds;E,Lykogiannis,Bologna,5,5,0,5,5,0,12,12
6893,D,Dc,Kempf,Como,5,5,0,5,5,0,15,15
7131,D,Dd;E,Floriani Mussolini,Cremonese,5,5,0,5,5,0,9,9
5603,D,Dc,Pongracic,Fiorentina,5,5,0,5,5,0,16,16
5449,D,E,Parisi,Fiorentina,5,5,0,4,4,0,11,10
791,D,Dd;Ds;E,Sabelli,Genoa,5,5,0,5,5,0,11,13
6039,D,B;Ds;E,Cabal,Juventus,5,5,0,5,5,0,10,11
6531,D,Dd;Ds;E,Jimenez A.,Milan,5,5,0,6,6,0,18,19
6663,D,Dc,Circati,Parma,5,5,0,5,5,0,13,13
2273,D,Dc,Caracciolo A.,Pisa,5,4,1,5,4,1,12,12
6986,D,B;Dd;E,Rensch,Roma,5,5,0,6,6,0,14,17
7155,D,Dc,Muharemovic,Sassuolo,5,5,0,5,5,0,12,12
4374,D,Dd;Dc,Walukiewicz,Sassuolo,5,5,0,6,6,0,11,12
6047,D,Dd;E,Ehizibue,Udinese,5,5,0,5,5,0,15,15
6894,D,Dc,Unai Nunez,Verona,5,5,0,5,5,0,10,10
5750,D,Dc,Ostigard,Genoa,5,5,0,5,5,0,13,13
6869,D,Dc,Ramon,Como,5,4,1,5,4,1,13,13
7018,D,Dc,Nelsson,Verona,5,5,0,5,5,0,10,10
7240,D,Dc,Siebert,Lecce,5,5,0,5,5,0,11,11
5498,D,Dc,Casale,Bologna,4,4,0,4,4,0,8,8
487,D,Dd;E,De Silvestri,Bologna,4,4,0,4,4,0,10,10
5701,D,Ds;Dc,Obert,Cagliari,4,4,0,4,4,0,10,11
7125,D,Ds;E,Idrissi R.,Cagliari,4,3,1,4,3,1,7,7
6230,D,Dc,Dossena,Como,4,4,0,4,4,0,11,11
418,D,Dc,Goldaniga,Como,4,4,0,4,4,0,6,6
6896,D,Dd;E,Van Der Brempt,Como,4,4,0,4,4,0,8,8
612,D,Dc,Bianchetti,Cremonese,4,3,1,4,3,1,4,4
7130,D,Dc,Folino,Cremonese,4,4,0,4,4,0,9,9
1891,D,Dd;Dc,Ceccherini,Cremonese,4,4,0,4,4,0,11,12
5718,D,Dc,Viti,Fiorentina,4,4,0,4,4,0,9,9
6660,D,Dc,Marcandalli,Genoa,4,3,1,4,3,1,2,2
2525,D,B;Dd;E,Darmian,Inter,4,4,0,5,5,0,14,16
5899,D,Dc,Gigot,Lazio,4,4,0,4,4,0,7,7
327,D,Dd;Dc,Patric,Lazio,4,4,0,4,4,0,7,8
2263,D,Dd;E,Lazzari,Lazio,4,4,0,4,4,0,11,11
7136,D,Dd;Dc,Kouassi,Lecce,4,4,0,5,5,0,10,12
256,D,Ds;Dc,Juan Jesus,Napoli,4,3,1,4,3,1,14,17
5307,D,Dc,Valenti,Parma,4,4,0,4,4,0,11,11
7139,D,Dc,Canestrelli,Pisa,4,3,1,4,3,1,12,12
6411,D,Dc,Mateus Lusuardi,Pisa,4,4,0,4,4,0,7,7
2745,D,B;Dd;E,Calabresi,Pisa,4,3,1,4,4,0,8,9
4807,D,Dc,Hermoso,Roma,4,3,1,4,3,1,8,8
2279,D,Dc,Romagna,Sassuolo,4,4,0,4,4,0,9,9
6426,D,Dd;E,Pedersen,Torino,4,4,0,4,4,0,9,9
6631,D,Dc,Ghilardi,Roma,4,4,0,4,4,0,13,13
6957,D,Dc,Valentini N.,Verona,4,4,0,4,4,0,9,9
5994,D,Ds;Dc,Ebosse,Verona,4,4,0,5,5,0,11,13
5532,D,Ds;E,Bradaric,Verona,4,4,0,4,4,0,8,8
7202,D,Dc,Ndiaye,Parma,4,4,0,4,4,0,10,10
6537,D,Dd;Dc,Goglichidze,Udinese,4,4,0,4,4,0,10,11
7212,D,Ds;Dc,Heggem,Bologna,4,4,0,5,5,0,11,13
7220,D,Dd;E,Belghali,Verona,4,4,0,4,4,0,12,12
5168,D,Ds;E,Tsimikas,Roma,4,4,0,4,4,0,8,8
6832,D,E,Palestra,Cagliari,3,3,0,2,2,0,8,7
7014,D,Dd;Dc,Smolcic I.,Como,3,2,1,3,2,1,5,6
5435,D,Ds;E,Moreno Alb.,Como,3,3,0,3,3,0,7,7
6013,D,Dd;Ds;E,Barbieri,Cremonese,3,3,0,4,4,0,8,9
7069,D,E,Fortini,Fiorentina,3,3,0,3,3,0,5,4
6814,D,Dd;E,Norton-Cuffy,Genoa,3,3,0,3,3,0,11,11
294,D,Dc,Rugani,Juventus,3,3,0,3,3,0,5,5
7012,D,Dc,Provstgaard,Lazio,3,3,0,3,3,0,5,5
2728,D,Ds;E,Pellegrini Lu.,Lazio,3,3,0,3,3,0,8,8
140,D,Dd;Ds;E,Hysaj,Lazio,3,3,0,3,3,0,6,6
6883,D,Dc,Jean,Lecce,3,3,0,3,3,0,3,3
6496,D,Ds;E,Bartesaghi,Milan,3,3,0,3,3,0,5,5
5812,D,Dd;Ds;E,Terracciano F.,Cremonese,3,2,1,3,2,1,13,13
6809,D,Dc,Marianucci,Napoli,3,3,0,3,3,0,9,9
5527,D,Dd;E,Zanoli,Napoli,3,3,0,3,3,0,8,8
5481,D,Dd;Ds;E,Mazzocchi,Napoli,3,3,0,3,3,0,5,6
5353,D,Dc,Balogh,Parma,3,3,0,3,3,0,7,7
6965,D,Ds;E,Lovik,Parma,3,2,1,3,2,1,11,11
7154,D,Dc,Odenthal,Sassuolo,3,3,0,3,3,0,8,8
6041,D,Dc,Schuurs,Torino,3,3,0,3,3,0,5,5
49,D,B;Ds;E,Masina,Torino,3,3,0,4,4,0,8,10
4263,D,Dc,Kabasele,Udinese,3,3,0,3,3,0,6,6
6211,D,Ds;E,Zemura,Udinese,3,3,0,3,3,0,8,8
6900,D,E,Rui Modesto,Udinese,3,3,0,2,2,0,6,4
6639,D,Ds;E,Frese,Verona,3,3,0,3,3,0,9,9
7260,D,Dc,Ziolkowski,Roma,3,3,0,3,3,0,7,7
6444,D,Dc,Bonfanti,Atalanta,2,2,0,2,2,0,5,5
5406,D,Dd;E,Di Pardo,Cagliari,2,2,0,2,2,0,4,4
6944,D,Ds;Dc,Jack,Como,2,2,0,2,2,0,4,5
6977,D,Dc,Otoa,Genoa,2,2,0,2,2,0,3,3
6989,D,Dc,Tiago Gabriel,Lecce,2,1,1,2,1,1,2,2
6990,D,Dd;E,Veiga D.,Lecce,2,1,1,2,1,1,8,8
7141,D,Dd;Dc,Rus,Pisa,2,2,0,2,2,0,3,4
7156,D,Ds;E,Pieragnolo,Sassuolo,2,2,0,2,2,0,4,4
7011,D,Dc,Slotsager,Verona,2,2,0,2,2,0,5,5
6992,D,B;Dd;E,Oyegoke,Verona,2,2,0,2,2,0,4,5
7196,D,Dc,Denoon,Pisa,2,2,0,2,2,0,4,4
6551,D,Dc,Ilic M.,Bologna,1,1,0,1,1,0,2,2
2847,D,Dd;Ds;E,Sernicola,Cremonese,1,1,0,1,1,0,2,2
6803,D,Ds;E,Rouhi,Juventus,1,1,0,1,1,0,4,4
7164,D,Dd;Dc,Perez M.,Lecce,1,1,0,1,1,0,1,1
7182,D,Ds;E,Ndaba,Lecce,1,1,0,1,1,0,2,2
7140,D,Dc,Coppola F.,Pisa,1,1,0,1,1,0,4,4
7170,D,Dc,Mbambi,Pisa,1,1,0,1,1,0,2,2
7142,D,Dd;E,Esteves T.,Pisa,1,1,0,1,1,0,2,2
6431,D,Dd;E,Paz Y.,Sassuolo,1,1,0,1,1,0,5,5
6826,D,Dd;E,Dembelè A.,Torino,1,1,0,1,1,0,3,3
6925,D,Dc,Palma,Udinese,1,1,0,1,1,0,7,7
7222,D,Dd;Ds;E,Cham,Verona,1,1,0,1,1,0,1,1
7255,D,Dd;Ds;E,Britschgi,Parma,1,1,0,1,1,0,2,2
2167,C,W;A,Orsolini,Bologna,30,30,0,29,29,0,218,218
2423,C,T;A,Pulisic,Milan,28,28,0,28,28,0,214,214
4777,C,C;T,McTominay,Napoli,27,26,1,27,26,1,205,205
632,C,W;A,Zaccagni,Lazio,25,26,-1,24,25,-1,202,202
5800,C,T;A,Gudmundsson A.,Fiorentina,24,24,0,23,23,0,174,174
2517,C,T,De Bruyne,Napoli,24,23,1,23,22,1,150,150
2194,C,M;C,Calhanoglu,Inter,22,23,-1,23,24,-1,151,161
6875,C,T;A,Paz N.,Como,21,20,1,21,20,1,132,132
6884,C,W;A,Conceicao,Juventus,18,18,0,17,17,0,88,88
5562,C,M;C,Thuram K.,Juventus,16,16,0,17,17,0,63,73
536,C,W,Politano,Napoli,16,15,1,15,14,1,66,66
2670,C,W;A,Bailey,Roma,16,16,0,15,15,0,57,57
5792,C,M;C,Ederson D.S.,Atalanta,15,15,0,16,16,0,54,64
2765,C,T;A,Odgaard,Bologna,15,16,-1,14,15,-1,76,76
1933,C,M;C,Mandragora,Fiorentina,15,14,1,15,14,1,30,35
4220,C,M;C,Zambo Anguissa,Napoli,15,15,0,16,16,0,56,66
5687,C,T,Vlasic,Torino,15,15,0,14,14,0,42,39
1870,C,C,Barella,Inter,14,14,0,14,14,0,61,61
2848,C,C;T,Frattesi,Inter,14,14,0,14,14,0,44,44
5685,C,C;T,Koopmeiners,Juventus,14,14,0,14,14,0,35,35
6398,C,W;A,Isaksen,Lazio,14,14,0,14,14,0,41,41
5589,C,M;C,Konè M.,Roma,14,14,0,15,15,0,41,46
6844,C,W;T,Rowe,Bologna,14,14,0,14,14,0,51,51
6831,C,W;A,Neres,Napoli,13,13,0,13,13,0,37,37
6984,C,W;A,Ondrejka,Parma,13,13,0,12,12,0,15,15
7203,C,C,Jashari,Milan,13,13,0,13,13,0,36,36
22,C,M;C,De Roon,Atalanta,12,12,0,13,13,0,33,38
5119,C,T,Samardzic,Atalanta,12,12,0,11,11,0,31,28
5036,C,C;T,Caqueret,Como,12,12,0,12,12,0,19,19
5559,C,C;W;T,Da Cunha,Como,12,12,0,13,13,0,33,36
7133,C,W;T,Vandeputte,Cremonese,12,12,0,12,12,0,36,36
6722,C,W;T,Gronbaek,Genoa,12,12,0,12,12,0,36,39
827,C,M;C,Locatelli,Juventus,12,12,0,13,13,0,50,55
4892,C,E;W,Saelemaekers,Milan,12,12,0,14,14,0,35,40
2606,C,C,Modric,Milan,12,12,0,12,12,0,40,40
5319,C,C,Sohm,Fiorentina,12,12,0,12,12,0,34,34
5318,C,W;T,Tramoni M.,Pisa,12,12,0,12,12,0,42,42
5888,C,C;T,Casadei,Torino,12,12,0,12,12,0,28,28
6218,C,W;T;A,Oristanio,Parma,12,12,0,12,12,0,38,38
788,C,M;C,Freuler,Bologna,11,11,0,12,12,0,23,28
5858,C,C;T,Ferguson,Bologna,11,11,0,11,11,0,23,23
6010,C,C;T,Fazzini,Fiorentina,11,11,0,11,11,0,22,22
6106,C,T;A,Carboni V.,Genoa,11,11,0,11,11,0,29,29
4186,C,C,Guendouzi,Lazio,11,11,0,11,11,0,23,23
6629,C,C;T,Dele-Bashiru,Lazio,11,11,0,11,11,0,31,31
4686,C,M;C,Fofana Y.,Milan,11,11,0,11,12,-1,34,39
6666,C,C,Bernabè,Parma,11,11,0,11,11,0,36,36
530,C,C;T,Pellegrini Lo.,Roma,11,11,0,11,11,0,20,20
2839,C,W;A,Sottil,Lecce,11,11,0,10,10,0,22,22
5561,C,W;T,Stengs,Pisa,11,11,0,11,11,0,35,35
2077,C,C;T,Pasalic,Atalanta,10,9,1,10,9,1,28,28
6206,C,C;T,Fabbian,Bologna,10,10,0,10,10,0,17,17
449,C,T;A,Vazquez,Cremonese,10,10,0,10,10,0,25,25
7070,C,C,Sucic P.,Inter,10,9,1,10,9,1,29,29
4973,C,M;C,McKennie,Juventus,10,10,0,11,11,0,14,19
6549,C,W;A,Pierotti,Lecce,10,10,0,9,9,0,20,18
5453,C,M;C,Ricci S.,Milan,10,10,0,11,11,0,25,30
6889,C,C;T,Anjorin,Torino,10,10,0,10,10,0,23,23
5850,C,C,Lovric,Udinese,10,9,1,10,9,1,24,24
6684,C,C;T,Ekkelenkamp,Udinese,10,10,0,10,10,0,21,21
4896,C,T;A,Maldini,Atalanta,9,9,0,8,8,0,24,24
184,C,W;A,Bernardeschi,Bologna,9,9,0,8,8,0,22,22
6252,C,C;T,Folorunsho,Cagliari,9,9,0,9,9,0,27,27
4364,C,T,Gaetano,Cagliari,9,8,1,8,7,1,17,14
7126,C,T,Baturina,Como,9,9,0,8,8,0,26,23
5791,C,M;C,Frendrup,Genoa,9,9,0,10,10,0,21,24
2529,C,C;T,Mkhitaryan,Inter,9,9,0,9,9,0,35,35
6634,C,W,Tete Morente,Lecce,9,9,0,8,8,0,19,17
4287,C,M;C,Lobotka,Napoli,9,9,0,10,10,0,24,29
779,C,M;C,Cristante,Roma,9,9,0,9,9,0,23,25
6271,C,M;C,El Aynaoui,Roma,9,9,0,9,9,0,24,29
6486,C,W;T,Suslov,Verona,9,9,0,9,9,0,14,14
4349,C,M;C,Nicolussi Caviglia,Fiorentina,9,9,0,10,10,0,25,27
4947,C,C;T,Brescianini,Atalanta,8,8,0,8,8,0,23,23
5298,C,M;C,Pobega,Bologna,8,8,0,9,9,0,22,24
6151,C,M;C,Perrone,Como,8,8,0,9,9,0,19,21
7132,C,M;C,Collocolo,Cremonese,8,8,0,9,9,0,23,28
4465,C,C,Fagioli,Fiorentina,8,8,0,8,8,0,24,24
4970,C,C;W,Messias,Genoa,8,8,0,8,8,0,18,18
4427,C,C;T,Malinovskyi,Genoa,8,8,0,8,8,0,24,24
7135,C,C;T,Stanciu,Genoa,8,8,0,8,8,0,26,26
4459,C,M;C,Rovella,Lazio,8,8,0,9,9,0,22,24
5504,C,M;C,Coulibaly L.,Lecce,8,7,1,8,8,0,14,16
5872,C,C;T,Helgason,Lecce,8,8,0,8,8,0,18,18
4199,C,C;T,Loftus-Cheek,Milan,8,8,0,8,8,0,21,21
795,C,W,El Shaarawy,Roma,8,8,0,7,7,0,19,17
5823,C,T;A,Baldanzi,Roma,8,8,0,8,8,0,16,16
5844,C,C;T,Thorstvedt,Sassuolo,8,8,0,8,8,0,22,22
2274,C,C;T,Valoti,Cremonese,7,7,0,7,7,0,9,9
5301,C,E;W,Luis Henrique,Inter,7,7,0,7,7,0,14,15
5422,C,E;W,Zalewski,Atalanta,7,6,1,7,6,1,25,28
5131,C,M;C,Gilmour,Napoli,7,7,0,7,7,0,12,12
4423,C,C,Hernani,Parma,7,7,0,7,7,0,18,18
7146,C,E;M,Tourè I.,Pisa,7,6,1,8,7,1,20,25
6190,C,C,Pisilli,Roma,7,7,0,7,7,0,15,15
5007,C,C,Ilic,Torino,7,7,0,7,7,0,12,12
6908,C,C,Atta,Udinese,7,6,1,7,6,1,24,24
6458,C,C,Serdar,Verona,7,5,2,7,5,2,12,12
5688,C,W;T,Harroui,Verona,7,7,0,7,7,0,14,14
6274,C,C,Diouf,Inter,7,7,0,7,7,0,16,16
6640,C,W,Felici,Cagliari,6,6,0,5,5,0,13,10
181,C,M;C,Vecino,Lazio,6,6,0,6,6,0,14,15
5457,C,M;C,Maleh,Lecce,6,6,0,7,7,0,6,8
6633,C,M;C,Pierret,Lecce,6,6,0,7,7,0,12,13
6394,C,M;C,Ramadani,Lecce,6,6,0,7,7,0,11,12
5295,C,C;W,Musah,Milan,6,6,0,6,6,0,9,9
6898,C,M;C,Keita M.,Parma,6,6,0,7,7,0,10,12
7145,C,E;M,Piccinini G.,Pisa,6,6,0,7,7,0,9,11
7149,C,M;C,Marin M.,Pisa,6,6,0,6,6,0,11,14
6219,C,M;C,Boloca,Sassuolo,6,6,0,6,6,0,14,17
6815,C,W,Fadera,Sassuolo,6,6,0,5,5,0,13,10
6680,C,M;C,Karlstrom,Udinese,6,6,0,6,6,0,14,15
7198,C,C,Piotrowski,Udinese,6,6,0,6,6,0,12,12
7209,C,C,Sorensen O.,Parma,6,6,0,6,6,0,13,13
4870,C,M;C,Adopo,Cagliari,5,5,0,6,6,0,14,15
1871,C,M;C,Deiola,Cagliari,5,5,0,5,5,0,11,12
6917,C,M;C,Masini,Genoa,5,5,0,5,5,0,14,17
6020,C,C;W,Ellertsson,Genoa,5,5,0,5,5,0,13,13
4404,C,C;T,Thorsby,Genoa,5,5,0,5,5,0,12,12
5813,C,C;T,Miretti,Juventus,5,5,0,5,5,0,9,9
333,C,M;C,Cataldi,Lazio,5,5,0,5,5,0,10,13
7138,C,M;C,Ordonez C.,Parma,5,5,0,6,6,0,12,15
6717,C,M;C,Konè I.,Sassuolo,5,6,-1,6,7,-1,12,15
5735,C,W;T,Volpato,Sassuolo,5,5,0,5,5,0,13,15
4890,C,M;C,Tameze,Torino,5,5,0,5,5,0,11,14
1976,C,M;C,Mazzitelli,Cagliari,5,5,0,5,5,0,11,12
6024,C,M;C,Sulemana I.,Atalanta,4,4,0,4,4,0,10,11
5784,C,C,Aebischer,Pisa,4,4,0,4,4,0,14,14
6424,C,M;C,Prati,Cagliari,4,3,1,4,3,1,11,16
4284,C,M;C,Sergi Roberto,Como,4,4,0,4,4,0,8,8
27,C,M;C,Grassi,Cremonese,4,4,0,4,4,0,9,10
6804,C,M;C,Richardson,Fiorentina,4,4,0,4,4,0,8,9
5719,C,M;C,Asllani,Torino,4,4,0,4,4,0,9,9
152,C,C;T,Zielinski,Inter,4,4,0,4,4,0,12,12
4711,C,E;W,Kostic,Juventus,4,4,0,5,5,0,7,8
6191,C,M;C,Belahyane,Lazio,4,4,0,4,4,0,5,6
4856,C,W,Chukwueze,Milan,4,4,0,3,3,0,11,9
5998,C,E;W,Zerbin,Cremonese,4,3,1,4,3,1,26,26
6593,C,C;T,Akinsanmiro,Pisa,4,3,1,4,3,1,13,13
4930,C,M;C,Ghion,Sassuolo,4,4,0,4,4,0,9,12
6246,C,M;C,Lipani,Sassuolo,4,4,0,4,4,0,8,11
6170,C,C,Gineitis,Torino,4,5,-1,4,5,-1,11,11
6481,C,C,Payero,Cremonese,4,4,0,4,4,0,10,10
7028,C,C,Bernede,Verona,4,4,0,4,4,0,10,10
2117,C,C;T,Kastanos,Verona,4,4,0,4,4,0,10,10
5610,C,M;C,Vranckx,Sassuolo,4,4,0,5,5,0,11,13
2528,C,M;C,Matic,Sassuolo,4,4,0,5,5,0,10,12
7010,C,M;C,Al-Musrati,Verona,4,4,0,5,5,0,9,11
6054,C,M;C,Moro N.,Bologna,3,3,0,3,3,0,7,7
6980,C,W,Venturino,Genoa,3,3,0,3,3,0,10,10
6015,C,C;T,Berisha M.,Lecce,3,3,0,3,3,0,11,11
6222,C,C;T,Rafia,Lecce,3,3,0,3,3,0,7,7
5992,C,M;C,Bondo,Cremonese,3,3,0,3,3,0,18,23
7150,C,C,Vural,Pisa,3,3,0,3,3,0,1,1
6212,C,M;C,Zarraga,Udinese,3,2,1,3,2,1,6,7
5540,C,M;C,Niasse,Verona,3,3,0,3,3,0,14,17
7208,C,M;C,Miller L.,Udinese,3,3,0,4,4,0,10,12
7246,C,C,Sala A.,Lecce,3,3,0,3,3,0,8,8
6676,C,M;C,Engelhardt,Como,2,2,0,2,2,0,3,3
6294,C,M;C,Ndour,Fiorentina,2,2,0,2,2,0,14,17
5788,C,T,Sabiri,Fiorentina,2,2,0,2,2,0,4,4
6410,C,M;C,Kaba,Lecce,2,1,1,2,1,1,2,2
5290,C,M;C,Estevez,Parma,2,2,0,2,2,0,3,3
2334,C,W,Leris,Pisa,2,2,0,2,2,0,3,3
7177,C,C,Santiago,Verona,2,2,0,2,2,0,2,2
7165,C,M;C,Liteta,Cagliari,1,1,0,1,1,0,6,8
2553,C,T,Alli,Como,1,1,0,1,1,0,1,1
5516,C,M;C,Bianco,Fiorentina,1,1,0,1,1,0,2,3
5674,C,C,Basic,Lazio,1,1,0,1,1,0,1,1
6645,C,T,Marchwinski,Lecce,1,1,0,1,1,0,2,2
7147,C,M;C,Hojholt,Pisa,1,1,0,1,1,0,2,2
7151,C,W;T,Arena,Pisa,1,1,0,1,1,0,1,1
7157,C,C,Iannoni,Sassuolo,1,1,0,1,1,0,7,7
2076,C,M;C,Rog,Cagliari,1,1,0,1,1,0,1,1
6677,C,C;T,Adzic,Juventus,1,1,0,1,1,0,1,1
6005,C,C;T,Ilkhan,Torino,1,1,0,1,1,0,1,1
2764,A,Pc,Martinez L.,Inter,35,34,1,35,34,1,387,387
2097,A,Pc,Kean,Fiorentina,32,33,-1,32,33,-1,371,371
4871,A,Pc,Thuram,Inter,31,29,2,31,29,2,332,332
2531,A,Pc,Lukaku,Napoli,30,31,-1,30,31,-1,120,120
4730,A,A,Lookman,Atalanta,28,29,-1,29,30,-1,100,100
5544,A,Pc,David,Juventus,28,27,1,28,27,1,283,283
309,A,A,Dybala,Roma,26,26,0,27,27,0,240,240
6434,A,A,Yildiz,Juventus,25,24,1,26,25,1,243,243
2841,A,Pc,Vlahovic,Juventus,25,24,1,25,24,1,103,103
7008,A,Pc,Gimenez,Milan,24,25,-1,24,25,-1,161,161
4510,A,A,Leao,Milan,23,24,-1,23,24,-1,239,239
5995,A,A,De Ketelaere,Atalanta,21,22,-1,22,23,-1,162,162
2137,A,Pc,Scamacca,Atalanta,20,19,1,20,19,1,122,122
6226,A,Pc,Castellanos,Lazio,20,21,-1,20,21,-1,160,160
5672,A,Pc,Dia,Lazio,20,20,0,20,20,0,104,104
6435,A,Pc,Krstovic,Atalanta,20,20,0,20,20,0,144,144
6675,A,Pc,Dovbyk,Roma,20,21,-1,20,21,-1,110,107
531,A,A,Berardi,Sassuolo,20,21,-1,20,21,-1,141,141
608,A,Pc,Zapata D.,Torino,20,20,0,20,20,0,90,87
4728,A,A,Nkunku,Milan,20,20,0,20,20,0,135,135
6572,A,Pc,Castro S.,Bologna,19,19,0,19,19,0,126,126
785,A,Pc,Immobile,Bologna,19,19,0,19,19,0,100,100
7120,A,A,Lang,Napoli,19,19,0,20,20,0,66,66
5734,A,A,Soulè,Roma,19,20,-1,20,21,-1,123,128
6365,A,Pc,Ferguson E.,Roma,19,19,0,19,19,0,147,147
313,A,Pc,Morata,Como,18,18,0,18,18,0,84,81
4359,A,Pc,Piccoli,Fiorentina,17,17,0,17,17,0,81,78
6967,A,W;A,Diao,Como,17,17,0,18,18,0,70,70
647,A,Pc,Dzeko,Fiorentina,15,15,0,15,15,0,59,56
6060,A,A,Laurientè,Sassuolo,15,15,0,15,15,0,49,52
2038,A,Pc,Pinamonti,Sassuolo,15,16,-1,15,16,-1,72,69
6552,A,Pc,Orban G.,Verona,15,15,0,15,15,0,46,46
7128,A,W;A,Kuhn,Como,14,14,0,15,15,0,37,40
6215,A,Pc,Lucca,Napoli,14,15,-1,13,14,-1,121,121
6646,A,A,Adams C.,Torino,14,14,0,14,14,0,61,61
2489,A,A,Pedro,Lazio,13,13,0,13,13,0,40,40
7023,A,Pc,Pellegrino M.,Parma,13,13,0,12,12,0,70,67
7252,A,Pc,Stulic,Lecce,13,13,0,13,13,0,31,31
5297,A,A,Luvumbo,Cagliari,12,12,0,12,12,0,18,18
6164,A,Pc,Vitinha O.,Genoa,12,12,0,11,11,0,24,21
4179,A,W;A,Gonzalez N.,Juventus,12,12,0,12,12,0,27,30
5336,A,Pc,Nzola,Pisa,12,12,0,12,12,0,29,26
4436,A,A,Cambiaghi,Bologna,11,11,0,11,11,0,25,25
4923,A,Pc,Colombo,Genoa,11,12,-1,11,11,0,43,40
6519,A,Pc,Camarda,Lecce,11,12,-1,11,12,-1,28,25
5637,A,Pc,Davis K.,Udinese,11,12,-1,11,11,0,37,34
6643,A,Pc,Dallinga,Bologna,10,10,0,10,10,0,13,10
2155,A,Pc,Cutrone,Parma,10,10,0,10,10,0,13,10
5918,A,A,Sulemana K.,Atalanta,9,9,0,9,9,0,21,21
6895,A,W;A,Dominguez B.,Bologna,9,9,0,9,9,0,17,20
7017,A,Pc,Douvikas,Como,9,8,1,9,7,2,30,27
5471,A,Pc,Djuric,Parma,9,9,0,8,8,0,18,15
6145,A,A,Ngonge,Torino,9,9,0,9,9,0,20,20
7183,A,A,Aboukhlal,Torino,9,9,0,9,9,0,15,15
7249,A,Pc,Buksa,Udinese,9,9,0,9,9,0,33,33
5512,A,Pc,De Luca,Cremonese,8,8,0,7,7,0,16,13
2061,A,Pc,Simeone,Torino,8,8,0,7,7,0,27,24
6159,A,A,Sarr A.,Verona,8,8,0,8,8,0,21,21
7127,A,W;A,Addai,Como,7,7,0,7,7,0,18,21
5496,A,A,Johnsen,Cremonese,7,7,0,7,7,0,12,12
6409,A,A,Beltran L.,Fiorentina,7,7,0,7,7,0,10,10
4463,A,A,Esposito Se.,Cagliari,7,7,0,7,7,0,70,70
6669,A,Pc,Bonny,Inter,7,5,2,7,5,2,37,34
7071,A,Pc,Esposito F.P.,Inter,7,7,0,7,7,0,16,13
6556,A,A,Noslin,Lazio,7,7,0,7,7,0,9,9
479,A,Pc,Sanabria,Cremonese,7,7,0,6,6,0,33,30
2475,A,A,Sanchez,Udinese,7,7,0,7,7,0,10,10
7213,A,Pc,Frigan,Parma,7,7,0,6,6,0,7,7
7129,A,W;A,Rodriguez Je.,Como,6,5,1,6,5,1,16,16
5455,A,A,Moreo,Pisa,6,5,1,6,5,1,16,16
6653,A,A,Bravo,Udinese,6,6,0,6,6,0,22,22
6630,A,Pc,Mosquera,Verona,6,6,0,6,6,0,14,14
7199,A,A,Kilicsoy,Cagliari,6,6,0,6,6,0,14,14
6555,A,Pc,Moumbagna,Cremonese,6,6,0,6,6,0,16,16
6243,A,Pc,Borrelli,Cagliari,5,5,0,4,4,0,10,8
5515,A,A,Okereke,Cremonese,5,5,0,5,5,0,7,7
6001,A,W;A,Banda,Lecce,5,5,0,5,5,0,12,15
7001,A,W;A,N'Dri,Lecce,5,5,0,5,5,0,8,8
1842,A,A,Pierini,Sassuolo,5,5,0,5,5,0,9,9
505,A,A,Bonazzoli,Cremonese,4,1,3,4,1,3,22,22
6207,A,W;A,Almqvist,Parma,4,4,0,4,4,0,14,17
7153,A,Pc,Lind,Pisa,4,4,0,4,4,0,8,8
7161,A,Pc,Bayo V.,Udinese,4,4,0,4,4,0,12,12
6459,A,W;A,Karlsson,Bologna,3,3,0,3,3,0,7,7
5500,A,W;A,Cancellieri,Lazio,3,3,0,3,3,0,13,16
6836,A,Pc,Meister,Pisa,3,2,1,3,2,1,14,11
7162,A,A,Giovane,Verona,3,1,2,3,1,2,20,20
6644,A,Pc,Rocha Livramento,Verona,3,3,0,2,2,0,8,6
5506,A,A,Ekuban,Genoa,2,2,0,2,2,0,5,5
247,A,Pc,Pavoletti,Cagliari,1,1,0,1,1,0,3,3
6822,A,A,Ekhator,Genoa,1,1,0,1,1,0,3,3
2012,A,Pc,Milik,Juventus,1,1,0,1,1,0,5,3
6667,A,A,Benedyczak,Parma,1,1,0,1,1,0,13,13
7171,A,A,Buffon L.,Pisa,1,1,0,1,1,0,1,1
7158,A,Pc,Moro L.,Sassuolo,1,1,0,1,1,0,1,1
7159,A,Pc,Skjellerup,Sassuolo,1,1,0,1,1,0,1,1
6827,A,A,Njie,Torino,1,1,0,1,1,0,1,1
